Model,RMSE,MAE,R2_Score,Train_RMSE,RMSE_Gap,Fit_Status,Selection_Score,Is_Best_Model
Ridge Regression,36.29673251498198,25.51841399634521,0.3495343720097014,41.384895295238515,-5.088162780256532,ok,36.29673251498198,True
Random Forest,55.71961517179122,39.133404509001736,-0.5264640358766883,19.828168581117733,35.89144659067348,overfit-risk,64.69247681945959,False
XGBoost,52.95237844809339,37.59810098680377,-0.38676786455199763,29.157261139471515,23.795117308621876,overfit-risk,58.90115777524886,False
