Model,R2_Score
Ridge,0.1503687884939154
Random Forest,-0.08107654969626439
XGBoost,-0.15068893134593964
PyTorch NN,-0.330349862575531
