Model,RMSE,MAE,R2_Score,Is_Best_Model
Ridge Regression,41.62534789860919,30.7957490581823,0.15417172051874872,True
Random Forest,67.67310158149051,47.48478221068749,-1.2258694875381686,False
XGBoost,64.02524831560594,47.312870025634766,-0.9807125926017761,False
PyTorch Deep Learning,43.154960154511784,34.2104606628418,0.09382198005914688,False
