Model,RMSE,MAE,R2_Score,Train_RMSE,RMSE_Gap,Fit_Status,Selection_Score,Is_Best_Model
Ridge Regression,31.66559676727875,24.044323849756466,0.30823162404918464,43.205640090670244,-11.540043323391494,ok,31.66559676727875,True
Random Forest,54.3346495847488,39.965718099404604,-1.0630260666371323,21.33189258244038,33.00275700230843,overfit-risk,62.58533883532591,False
XGBoost,59.65201348244074,44.77428723635535,-1.4706337391134658,30.32257177522954,29.329441707211203,overfit-risk,66.98437390924354,False
