Model,RMSE,MAE,R2_Score,Train_RMSE,RMSE_Gap,Fit_Status,Selection_Score,Is_Best_Model
Ridge Regression,29.670816855260195,21.971009464215285,0.32835152303076154,41.313098638484696,-11.642281783224501,ok,29.670816855260195,True
Random Forest,46.10191299696753,33.14151831200482,-0.6231820681831153,19.93090418471508,26.17100881225245,overfit-risk,52.64466520003064,False
XGBoost,54.239338178995986,38.31515102106916,-1.2502788615312828,29.3118676591081,24.927470519887887,overfit-risk,60.47120580896796,False
