Model,RMSE,MAE,R2_Score,Train_RMSE,RMSE_Gap,Fit_Status,Selection_Score,Is_Best_Model
Ridge Regression,29.634895026705347,22.00051444999384,0.33348974990797475,41.47580021764105,-11.840905190935704,ok,29.634895026705347,True
Random Forest,46.01142935603423,33.22375091054495,-0.6077456412249678,20.08565252163692,25.925776834397308,overfit-risk,52.492873564633555,False
XGBoost,54.71297898393414,38.696399411117454,-1.2781946751191158,29.285314069739577,25.427664914194565,overfit-risk,61.069895212482784,False
PyTorch MLP,31.064904994384698,23.44898542080822,0.26833147125452617,43.56480721683447,-12.49990222244977,ok,31.064904994384698,False
